subject,Age,Gender,BMI,Body weight ,Height ,Self-identify ,A1c PDL (Lab),Fasting GLU - PDL (Lab),Insulin ,Triglycerides,Cholesterol,HDL,Non HDL ,LDL (Cal),VLDL (Cal),Cho/HDL Ratio,Collection time PDL (Lab),#1 Contour Fingerstick GLU,Time (t), #2 Contour Fingerstick GLU,Time (t),#3 Contour Fingerstick GLU,Time (t)
1,27,M,22.26523858,133.8,65,Hispanic/Latino,5.4,91,2.5,67,216,74,142,130,13,2.9,11:06:00 AM,89,9:40,73,12:11,81,13:18
2,49,F,30.94674189,169.2,62,Hispanic/Latino,5.5,93,14.8,61,181,91,90,78,12,2,7:38:00 AM,91,7:52,123,9:21,80,10:22
3,59,F,26.94868993,157,64,Hispanic/Latino,6.5,118,17.4,154,190,74,116,90,31,2.6,7:25:00 AM,119,7:38,166,9:23,98,10:23
4,33,F,42.38427939,262.6,66,Hispanic/Latino,5.5,105,19.4,300,267,46,221,164,60,5.8,7:20:00 AM,109,7:37,110,9:04,90,10:01
5,51,F,30.95753448,172,62.5,Hispanic/Latino,6.6,144,12.9,392,269,38,231,157,78,7.1,7:45:00 AM,139,8:59,215,10:52,130,11:54
6,51,F,29.30345134,197,68.75,White,5.2,96,6.4,75,203,72,131,118,15,2.8,7:45:00 AM,98,9:04,97,10:54,70,11:56
7,66,F,27.0703267,199.6,72,Hispanic/Latino,5.9,108,15.9,92,128,43,85,67,18,3,8:00:00 AM,115,8:40,157,10:22,95,11:24
8,54,M,39.94543989,218.4,62,Hispanic/Latino,5.8,112,17.7,145,180,60,120,95,29,3,8:55:00 AM,110,9:07,156,10:25,94,11:26
9,34,F,37.00150587,183.2,59,Hispanic/Latino,5.7,122,25.7,312,202,40,162,108,62,5.1,7:32:00 AM,119,7:46,128,9:32,96,10:29
10,54,F,35.81189162,195.8,62,Hispanic/Latino,5.7,100,15.3,101,183,55,128,110,20,3.3,7:44:00 AM,100,8:01,160,9:35,108,10:36
11,34,M,29.16271975,186.2,67,Hispanic/Latino,5.7,109,11.6,247,205,36,169,125,49,5.7,7:48:00 AM,118,8:15,136,9:53,92,10:47
12,52,M,30.27287256,205,69,Hispanic/Latino,7.1,179,13.5,1150,213,24,189,800,400,400,7:17:00 AM,186,7:38,279,9:17,215,10:17
13,56,F,32.62942526,178.4,62,Hispanic/Latino,6.2,103,18.3,111,223,57,166,146,22,3.9,7:30:00 AM,117,7:38,171,9:12,92,10:16
14,53,M,28.47358996,181.8,67,Hispanic/Latino,7.1,147,10.7,88,142,44,98,81,18,3.2,7:30:00 AM,157,7:52,157,9:48,122,10:45
15,47,F,24.33627734,128.8,61,Hispanic/Latino,5.4,89,3.3,126,251,69,182,160,25,3.6,7:31:00 AM,87,7:54,111,9:49,88,10:47
16,48,F,45.93513295,284.6,66,African American,5.8,104,26,77,208,47,161,147,15,4.4,7:34:00 AM,92,7:57,87,9:41,86,10:38
17,33,F,22.69318234,140.6,66,White,5,95,8.2,63,168,62,106,94,13,2.7,7:30:00 AM,100,7:37,120,9:15,95,10:15
18,18,M,38.05875885,243,67,Hispanic/Latino,5.4,103,17.4,100,175,42,133,115,20,4.2,7:40:00 AM,104,7:53,100,9:17,67,10:18
19,40,F,36.42909871,202.4,62.5,Hispanic/Latino,5.6,98,18.6,150,191,47,144,117,30,4.1,8:06:00 AM,98,8:40,93,10:19,97,11:17
20,59,F,35.95333351,206.2,63.5,African American,6.4,119,17.3,147,204,46,158,132,29,4.4,7:38:00 AM,121,7:49,186,9:22,122,10:26
21,63,F,25.66595591,142.6,62.5,African American,5.3,98,9.3,63,178,51,127,115,13,3.5,7:48:00 AM,96,7:57,82,9:25,92,10:24
22,69,F,20.68996219,116.8,63,White,5.9,107,3.2,60,215,106,109,98,12,2,7:48:00 AM,112,8:08,98,9:56,104,10:55
23,55,M,24.24483897,154.8,67,Hispanic/Latino,6.2,135,5.2,75,199,52,147,133,15,3.8,8:17:00 AM,140,8:25,193,9:45,94,10:45
26,35,M,31.16746095,199,67,Hispanic/Latino,5.9,104,17.8,153,170,33,137,110,31,5.2,7:34:00 AM,108,7:50,117,9:06,105,10:16
27,24,F,27.12665446,173.2,67,Hispanic/Latino,4.7,90,6.3,40,134,57,77,67,8,2.4,7:56:00 AM,80,8:18,96,9:32,92,10:28
28,59,F,39.99681457,204.8,60,Hispanic/Latino,7,131,19.2,260,302,56,246,195,52,5.4,7:39:00 AM,127,7:50,179,9:10,104,10:11
29,52,M,29.51764915,164,62.5,Hispanic/Latino,6.1,136,19.8,128,208,39,169,146,26,5.3,7:51:00 AM,130,8:01,167,9:23,115,10:23
30,60,F,34.01032548,180,61,Hispanic/Latino,7.6,195,10.5,249,226,38,188,143,50,5.9,7:54:00 AM,175,8:03,281,9:09,247,10:10
31,46,F,23.11126491,152,68,White,5.1,102,9.4,118,173,55,118,97,24,3.1,7:26:00 AM,102,7:34,111,8:38,101,9:39
32,64,M,22.9202666,169,72,White,5.3,100,3.2,129,246,60,186,163,26,4.1,8:00:00 AM,95,8:23,130,9:31,86,10:31
33,40,M,30.03834865,175,64,Hispanic/Latino,5.6,116,11.6,83,91,53,38,21,17,1.7,8:10:00 AM,120,8:20,210,9:22,135,10:22
34,24,M,25.80197702,185,71,White,4.6,80,4.2,104,161,61,100,81,21,2.6,7:50:00 AM,90,8:01,88,9:02,86,10:04
35,45,F,28.73382608,167.4,64,Hispanic/Latino,8.5,218,14.8,92,188,47,141,124,18,4,7:39:00 AM,220,7:55,314,8:53,243,9:55
36,61,M,24.98509691,154.8,66,Hispanic/Latino,6.9,101,5.3,128,116,60,56,34,26,1.9,8:32:00 AM,105,8:41,170,9:43,154,10:44
38,52,M,34.45714309,202,64.2,Hispanic/Latino,7.2,151,29.4,245,153,32,121,80,49,4.8,7:13:00 AM,150,7:35,175,8:35,186,9:41
39,45,F,26.92293385,147.2,62,Hispanic/Latino,8.3,158,17.5,177,145,38,107,77,35,3.8,7:57:00 AM,165,8:06,233,9:08,234,10:09
41,58,F,27.85067764,147.4,61,Hispanic/Latino,6.3,138,10.6,100,191,52,139,121,20,3.7,7:29:00 AM,134,7:46,210,8:46,151,9:49
42,51,F,43.26869186,229,61,Hispanic/Latino,7.1,142,12.7,79,163,58,105,90,16,2.8,8:32:00 AM,134,8:44,184,9:57,131,10:47
43,45,F,49.08823644,259.8,61,Hispanic/Latino,6,96,21.7,119,187,48,139,118,24,3.9,7:44:00 AM,103,7:53,143,8:56,80,9:55
44,60,F,35.91846122,206,63.5,"Black, African American",6,119,13.5,121,186,45,141,119,24,4.1,7:11:00 AM,127,7:27,183,8:30,115,9:35
45,46,F,32.88125085,162.8,59,Hispanic/Latino,6.1,148,46.4,238,172,35,137,96,48,4.9,7:05:00 AM,142,7:23,244,8:24,122,9:38
46,51,M,28.16034914,179.8,67,Hispanic/Latino,7.4,154,7.9,126,345,62,283,260,25,5.6,7:20:00 AM,144,7:29,247,8:35,200,9:43
47,62,M,31.37720076,182.8,64,Hispanic/Latino,6.9,150,9.7,167,168,36,132,103,33,4.7,7:15:00 AM,157,7:25,211,8:31,148,9:31
48,22,F,21.1336719,127,65,White,4.8,79,10.2,65,162,52,110,97,13,3.1,7:28:00 AM,86,7:43,84,8:45,97,9:45
49,58,F,36.09087565,184.8,60,Hispanic/Latino,7.2,148,25.2,124,146,43,103,81,25,3.4,8:19:00 AM,145,8:35,257,9:33,182,10:37
